timestamp,open,high,low,close,volume,isEmaUptrend,isEmaDowntrend,isSmaUptrend,isSmaDowntrend,prediction,signal,barsHeld,isEarlySignalFlip,isLastSignalBuy,isLastSignalSell,isNewBuySignal,isNewSellSignal,startLongTrade,startShortTrade,endLongTrade,endShortTrade
2025-07-25 10:00:00,116033.44,116487.5,115990.09,116308.48,927.16868,True,True,True,True,0,0,1,False,False,False,False,False,,,,
2025-07-25 11:00:00,116308.48,116782.13,116308.48,116543.58,1141.32627,True,True,True,True,0,0,2,False,False,False,False,False,,,,
2025-07-25 12:00:00,116543.59,116656.99,115963.97,116105.96,1288.03796,True,True,True,True,0,0,3,False,False,False,False,False,,,,
2025-07-25 13:00:00,116105.96,116600.0,115564.75,116216.27,1802.0313,True,True,True,True,0,0,4,False,False,False,False,False,,,,
2025-07-25 14:00:00,116216.27,116286.87,114908.0,114960.01,2025.1148,True,True,True,True,0,0,5,False,False,False,False,False,,,,
2025-07-25 15:00:00,114960.01,115846.39,114916.48,115727.08,1246.60929,True,True,True,True,0,0,6,False,False,False,False,False,,,,
2025-07-25 16:00:00,115727.07,116214.88,115455.46,116185.32,941.06562,True,True,True,True,0,0,7,False,False,False,False,False,,,,
2025-07-25 17:00:00,116185.31,116345.74,115871.8,116042.5,679.50606,True,True,True,True,0,0,8,False,False,False,False,False,,,,
2025-07-25 18:00:00,116042.51,116568.73,116042.5,116491.53,629.2576,True,True,True,True,0,0,9,False,False,False,False,False,,,,
2025-07-25 19:00:00,116491.53,116997.21,116405.7,116688.6,839.57954,True,True,True,True,0,0,10,False,False,False,False,False,,,,
2025-07-25 20:00:00,116688.6,117306.0,116578.02,117040.01,737.6538,True,True,True,True,0,0,11,False,False,False,False,False,,,,
2025-07-25 21:00:00,117040.01,117377.59,116956.0,117214.23,418.42958,True,True,True,True,0,0,12,False,False,False,False,False,,,,
2025-07-25 22:00:00,117214.23,117343.89,117102.3,117279.97,248.88589,True,True,True,True,0,0,13,False,False,False,False,False,,,,
2025-07-25 23:00:00,117279.97,117630.0,117186.83,117614.31,371.50937,True,True,True,True,0,0,14,False,False,False,False,False,,,,
2025-07-26 00:00:00,117614.31,117614.32,117330.24,117496.0,388.41101,True,True,True,True,0,0,15,False,False,False,False,False,,,,
2025-07-26 01:00:00,117496.0,117550.9,117138.38,117153.73,266.66811,True,True,True,True,0,0,16,False,False,False,False,False,,,,
2025-07-26 02:00:00,117153.74,117750.0,117153.73,117469.0,391.82574,True,True,True,True,0,0,17,False,False,False,False,False,,,,
2025-07-26 03:00:00,117469.01,117603.0,117462.64,117489.62,175.33791,True,True,True,True,0,0,18,False,False,False,False,False,,,,
2025-07-26 04:00:00,117489.61,117547.92,117396.95,117496.81,182.72574,True,True,True,True,0,0,19,False,False,False,False,False,,,,
2025-07-26 05:00:00,117496.8,117541.19,117419.83,117444.99,155.81148,True,True,True,True,0,0,20,False,False,False,False,False,,,,
2025-07-26 06:00:00,117444.99,117458.0,117320.0,117350.71,213.86521,True,True,True,True,0,0,21,False,False,False,False,False,,,,
2025-07-26 07:00:00,117350.71,117382.76,117304.46,117304.47,454.07762,True,True,True,True,0,0,22,False,False,False,False,False,,,,
2025-07-26 08:00:00,117304.47,117615.12,117304.46,117557.14,259.96197,True,True,True,True,0,0,23,False,False,False,False,False,,,,
2025-07-26 09:00:00,117557.14,117617.65,117458.0,117570.6,190.39173,True,True,True,True,0,0,24,False,False,False,False,False,,,,
2025-07-26 10:00:00,117570.6,118217.45,117545.1,117971.93,749.16688,True,True,True,True,0,0,25,False,False,False,False,False,,,,
2025-07-26 11:00:00,117971.94,118072.41,117776.1,117776.11,349.789,True,True,True,True,0,0,26,False,False,False,False,False,,,,
2025-07-26 12:00:00,117776.1,117990.0,117772.13,117914.17,171.77445,True,True,True,True,0,0,27,False,False,False,False,False,,,,
2025-07-26 13:00:00,117914.16,118220.0,117855.15,118125.24,341.83674,True,True,True,True,0,0,28,False,False,False,False,False,,,,
2025-07-26 14:00:00,118125.24,118210.85,117956.0,118064.99,355.21897,True,True,True,True,0,0,29,False,False,False,False,False,,,,
2025-07-26 15:00:00,118064.99,118142.87,117818.2,118130.1,434.76718,True,True,True,True,0,0,30,False,False,False,False,False,,,,
2025-07-26 16:00:00,118130.1,118188.97,118011.0,118081.18,351.27128,True,True,True,True,0,0,31,False,False,False,False,False,,,,
2025-07-26 17:00:00,118081.19,118090.0,117990.0,118039.98,139.66952,True,True,True,True,1,0,32,False,False,False,False,False,,,,
2025-07-26 18:00:00,118039.99,118099.99,117941.96,118095.15,195.55155,True,True,True,True,2,0,33,False,False,False,False,False,,,,
2025-07-26 19:00:00,118095.16,118297.35,118040.0,118232.11,364.90102,True,True,True,True,3,0,34,False,False,False,False,False,,,,
2025-07-26 20:00:00,118232.11,118232.12,117883.86,117956.32,249.16255,True,True,True,True,4,0,35,False,False,False,False,False,,,,
2025-07-26 21:00:00,117956.32,118068.0,117888.2,118028.56,149.87446,True,True,True,True,5,0,36,False,False,False,False,False,,,,
2025-07-26 22:00:00,118028.56,118276.66,117978.0,118007.02,289.29406,True,True,True,True,6,0,37,False,False,False,False,False,,,,
2025-07-26 23:00:00,118007.03,118048.19,117890.0,117919.99,170.31788,True,True,True,True,7,0,38,False,False,False,False,False,,,,
2025-07-27 00:00:00,117919.99,117961.89,117825.5,117952.0,131.17257,True,True,True,True,6,0,39,False,False,False,False,False,,,,
2025-07-27 01:00:00,117951.99,118190.0,117920.0,118102.0,291.9617,True,True,True,True,6,0,40,False,False,False,False,False,,,,
2025-07-27 02:00:00,118102.0,118358.18,118021.85,118309.99,398.69577,True,True,True,True,6,0,41,False,False,False,False,False,,,,
2025-07-27 03:00:00,118309.99,118309.99,118080.92,118182.83,185.67692,True,True,True,True,6,0,42,False,False,False,False,False,,,,
2025-07-27 04:00:00,118182.83,118272.43,118149.19,118215.1,180.57499,True,True,True,True,6,0,43,False,False,False,False,False,,,,
2025-07-27 05:00:00,118215.09,118300.0,118160.84,118274.73,261.59962,True,True,True,True,8,0,44,False,False,False,False,False,,,,
2025-07-27 06:00:00,118274.73,118438.83,118197.71,118263.4,218.37982,True,True,True,True,8,0,45,False,False,False,False,False,,,,
2025-07-27 07:00:00,118263.4,118263.4,118066.74,118095.95,147.6577,True,True,True,True,8,0,46,False,False,False,False,False,,,,
2025-07-27 08:00:00,118095.95,118129.75,117950.47,117950.47,201.29673,True,True,True,True,8,0,47,False,False,False,False,False,,,,
2025-07-27 09:00:00,117950.47,117999.91,117859.98,117943.92,195.86439,True,True,True,True,4,0,48,False,False,False,False,False,,,,
2025-07-27 10:00:00,117943.92,118292.86,117943.92,118184.92,257.644,True,True,True,True,4,0,49,False,False,False,False,False,,,,
2025-07-27 11:00:00,118184.92,118255.32,118050.0,118072.71,181.16448,True,True,True,True,4,0,50,False,False,False,False,False,,,,
2025-07-27 12:00:00,118072.71,118111.34,117890.0,118097.39,298.94425,True,True,True,True,2,0,51,False,False,False,False,False,,,,
2025-07-27 13:00:00,118097.39,118217.6,118085.87,118201.99,217.84311,True,True,True,True,4,0,52,False,False,False,False,False,,,,
2025-07-27 14:00:00,118201.99,118499.0,118149.96,118422.16,467.70923,True,True,True,True,4,0,53,False,False,False,False,False,,,,
2025-07-27 15:00:00,118422.16,118588.0,118236.84,118585.74,601.55506,True,True,True,True,4,0,54,False,False,False,False,False,,,,
2025-07-27 16:00:00,118585.75,119540.01,118585.75,119090.45,2270.02899,True,True,True,True,2,0,55,False,False,False,False,False,,,,
2025-07-27 17:00:00,119090.46,119334.88,118855.58,119196.69,652.20986,True,True,True,True,6,0,56,False,False,False,False,False,,,,
2025-07-27 18:00:00,119196.68,119372.87,118942.9,119021.33,339.99317,True,True,True,True,6,0,57,False,False,False,False,False,,,,
2025-07-27 19:00:00,119021.33,119073.91,118895.09,118960.0,156.14032,True,True,True,True,8,0,58,False,False,False,False,False,,,,
2025-07-27 20:00:00,118960.01,119169.97,118713.74,118754.13,284.59066,True,True,True,True,8,0,59,False,False,False,False,False,,,,
2025-07-27 21:00:00,118754.13,119270.15,118724.0,119265.76,238.52881,True,True,True,True,6,0,60,False,False,False,False,False,,,,
2025-07-27 22:00:00,119265.75,119766.65,119228.56,119495.17,773.18425,True,True,True,True,6,0,61,False,False,False,False,False,,,,
2025-07-27 23:00:00,119495.16,119528.47,119119.53,119415.55,375.89279,True,True,True,True,6,0,62,False,False,False,False,False,,,,
2025-07-28 00:00:00,119415.56,119690.32,119126.09,119236.72,466.02933,True,True,True,True,8,0,63,False,False,False,False,False,,,,
2025-07-28 01:00:00,119236.72,119480.0,118960.5,119037.77,475.77219,True,True,True,True,8,0,64,False,False,False,False,False,,,,
2025-07-28 02:00:00,119037.77,119800.0,119021.11,119434.14,578.13763,True,True,True,True,6,0,65,False,False,False,False,False,,,,
2025-07-28 03:00:00,119434.14,119521.03,119234.37,119287.99,304.59253,True,True,True,True,6,0,66,False,False,False,False,False,,,,
2025-07-28 04:00:00,119287.99,119423.58,119128.46,119218.05,341.10705,True,True,True,True,0,0,67,False,False,False,False,False,,,,
2025-07-28 05:00:00,119218.06,119701.07,119138.24,119526.13,787.5627,True,True,True,True,0,0,68,False,False,False,False,False,,,,
2025-07-28 06:00:00,119526.13,119600.0,119440.0,119448.02,349.57844,True,True,True,True,0,0,69,False,False,False,False,False,,,,
2025-07-28 07:00:00,119448.03,119448.03,118774.31,118900.0,881.81401,True,True,True,True,-6,0,70,False,False,False,False,False,,,,
2025-07-28 08:00:00,118900.01,119102.69,118777.98,119072.45,558.77409,True,True,True,True,-4,0,71,False,False,False,False,False,,,,
2025-07-28 09:00:00,119072.45,119072.45,118704.01,118930.87,367.39295,True,True,True,True,-4,0,72,False,False,False,False,False,,,,
2025-07-28 10:00:00,118930.88,118953.52,118620.22,118764.53,360.71138,True,True,True,True,-4,0,73,False,False,False,False,False,,,,
2025-07-28 11:00:00,118764.54,118873.78,118475.47,118827.49,773.30378,True,True,True,True,-4,0,74,False,False,False,False,False,,,,
2025-07-28 12:00:00,118827.49,119093.68,118783.85,118845.24,779.03242,True,True,True,True,-4,0,75,False,False,False,False,False,,,,
2025-07-28 13:00:00,118845.23,119085.79,118234.28,118434.78,1098.91827,True,True,True,True,-4,0,76,False,False,False,False,False,,,,
2025-07-28 14:00:00,118434.77,118685.02,117895.73,117985.93,1300.98009,True,True,True,True,-4,0,77,False,False,False,False,False,,,,
2025-07-28 15:00:00,117985.94,118500.0,117907.0,118174.9,613.6795,True,True,True,True,-4,0,78,False,False,False,False,False,,,,
2025-07-28 16:00:00,118174.89,118376.61,118003.55,118028.88,472.32021,True,True,True,True,-4,0,79,False,False,False,False,False,,,,
2025-07-28 17:00:00,118028.89,118112.24,117653.39,117667.86,789.85169,True,True,True,True,-4,0,80,False,False,False,False,False,,,,
2025-07-28 18:00:00,117667.86,117856.37,117427.5,117776.56,670.47028,True,True,True,True,-4,0,81,False,False,False,False,False,,,,
2025-07-28 19:00:00,117776.56,118244.46,117542.45,118068.73,642.91309,True,True,True,True,-4,0,82,False,False,False,False,False,,,,
2025-07-28 20:00:00,118068.73,118162.17,117500.09,118044.93,399.93343,True,True,True,True,-2,0,83,False,False,False,False,False,,,,
2025-07-28 21:00:00,118044.93,118350.01,117951.12,118106.9,334.38901,True,True,True,True,-4,0,84,False,False,False,False,False,,,,
2025-07-28 22:00:00,118106.89,118266.06,117762.51,117854.35,370.20373,True,True,True,True,-4,0,85,False,False,False,False,False,,,,
2025-07-28 23:00:00,117854.34,118172.37,117814.64,118062.32,244.27974,True,True,True,True,-4,0,86,False,False,False,False,False,,,,
2025-07-29 00:00:00,118062.32,118450.0,117539.68,117979.8,548.35859,True,True,True,True,-4,0,87,False,False,False,False,False,,,,
2025-07-29 01:00:00,117979.8,118247.62,117774.15,117774.16,264.65387,True,True,True,True,-2,0,88,False,False,False,False,False,,,,
2025-07-29 02:00:00,117774.15,118102.79,117450.0,118095.6,550.84159,True,True,True,True,-4,0,89,False,False,False,False,False,,,,
2025-07-29 03:00:00,118095.59,118800.0,118095.59,118764.85,879.02363,True,True,True,True,-2,0,90,False,False,False,False,False,,,,
2025-07-29 04:00:00,118764.85,118799.99,118416.66,118533.93,441.70806,True,True,True,True,-2,0,91,False,False,False,False,False,,,,
2025-07-29 05:00:00,118533.93,118852.0,118527.77,118800.0,475.07739,True,True,True,True,2,0,92,False,False,False,False,False,,,,
2025-07-29 06:00:00,118799.99,119061.68,118731.74,118764.85,664.6105,True,True,True,True,2,0,93,False,False,False,False,False,,,,
2025-07-29 07:00:00,118764.86,119273.36,118750.87,118882.37,998.59676,True,True,True,True,8,0,94,False,False,False,False,False,,,,
2025-07-29 08:00:00,118882.37,119051.0,118764.86,118923.8,302.76278,True,True,True,True,6,0,95,False,False,False,False,False,,,,
2025-07-29 09:00:00,118923.81,118985.0,118758.98,118784.79,385.26308,True,True,True,True,6,0,96,False,False,False,False,False,,,,
2025-07-29 10:00:00,118784.8,118828.01,118300.0,118317.75,697.30138,True,True,True,True,6,0,97,False,False,False,False,False,,,,
2025-07-29 11:00:00,118317.74,118592.39,118160.87,118592.38,577.62627,True,True,True,True,-2,0,98,False,False,False,False,False,,,,
2025-07-29 12:00:00,118592.38,119080.81,118450.0,118906.85,787.26429,True,True,True,True,-2,0,99,False,False,False,False,False,,,,
2025-07-29 13:00:00,118906.85,119029.54,118527.01,118621.27,657.45227,True,True,True,True,-4,0,100,False,False,False,False,False,,,,
2025-07-29 14:00:00,118621.27,118635.58,117701.0,117823.67,1328.2906,True,True,True,True,-4,0,101,False,False,False,False,False,,,,
2025-07-29 15:00:00,117823.66,117955.39,117272.0,117400.01,1400.94922,True,True,True,True,-4,0,102,False,False,False,False,False,,,,
2025-07-29 16:00:00,117400.02,117758.13,116950.75,117739.03,1125.1565,True,True,True,True,-2,0,103,False,False,False,False,False,,,,
2025-07-29 17:00:00,117739.03,118057.05,117629.99,117773.69,512.49259,True,True,True,True,-2,0,104,False,False,False,False,False,,,,
2025-07-29 18:00:00,117773.69,117824.59,117482.4,117606.72,260.60632,True,True,True,True,-2,0,105,False,False,False,False,False,,,,
2025-07-29 19:00:00,117606.74,118000.0,117420.0,117525.29,542.80793,True,True,True,True,-2,0,106,False,False,False,False,False,,,,
2025-07-29 20:00:00,117525.28,117871.39,117094.96,117514.28,823.80047,True,True,True,True,-4,0,107,False,False,False,False,False,,,,
2025-07-29 21:00:00,117514.49,117701.1,117190.83,117606.79,470.68677,True,True,True,True,-2,0,108,False,False,False,False,False,,,,
2025-07-29 22:00:00,117606.79,117860.0,117459.04,117848.03,239.80039,True,True,True,True,-2,0,109,False,False,False,False,False,,,,
2025-07-29 23:00:00,117848.03,118000.0,117729.8,117950.76,202.8032,True,True,True,True,-2,0,110,False,False,False,False,False,,,,
2025-07-30 00:00:00,117950.75,117995.98,117538.15,117744.77,246.31499,True,True,True,True,-4,0,111,False,False,False,False,False,,,,
2025-07-30 01:00:00,117744.78,118012.78,117412.53,117862.05,234.85179,True,True,True,True,-2,0,112,False,False,False,False,False,,,,
2025-07-30 02:00:00,117862.05,118119.0,117796.14,118024.11,330.69294,True,True,True,True,-4,0,113,False,False,False,False,False,,,,
2025-07-30 03:00:00,118024.1,118250.0,117905.61,118161.87,414.52534,True,True,True,True,-2,0,114,False,False,False,False,False,,,,
2025-07-30 04:00:00,118161.86,118275.18,117963.65,117993.52,266.35002,True,True,True,True,-2,0,115,False,False,False,False,False,,,,
2025-07-30 05:00:00,117993.52,118080.0,117667.33,117992.26,269.77024,True,True,True,True,-2,0,116,False,False,False,False,False,,,,
2025-07-30 06:00:00,117992.26,118326.56,117992.25,118287.31,396.72321,True,True,True,True,-2,0,117,False,False,False,False,False,,,,
2025-07-30 07:00:00,118287.31,118412.11,118118.0,118123.01,299.24616,True,True,True,True,8,0,118,False,False,False,False,False,,,,
2025-07-30 08:00:00,118123.0,118481.81,117939.99,118372.73,466.68398,True,True,True,True,8,0,119,False,False,False,False,False,,,,
2025-07-30 09:00:00,118372.73,118427.98,117985.98,118164.08,298.15038,True,True,True,True,8,0,120,False,False,False,False,False,,,,
2025-07-30 10:00:00,118164.08,118471.69,117928.13,118020.18,816.03502,True,True,True,True,8,0,121,False,False,False,False,False,,,,
2025-07-30 11:00:00,118020.17,118184.0,117358.84,117579.99,647.14857,True,True,True,True,-2,0,122,False,False,False,False,False,,,,
2025-07-30 12:00:00,117579.99,117909.01,117358.84,117739.02,676.38941,True,True,True,True,-6,0,123,False,False,False,False,False,,,,
2025-07-30 13:00:00,117739.02,117888.0,117415.62,117675.79,901.27996,True,True,True,True,-4,0,124,False,False,False,False,False,,,,
2025-07-30 14:00:00,117675.78,118728.15,117610.93,118714.35,1103.46809,True,True,True,True,-4,0,125,False,False,False,False,False,,,,
2025-07-30 15:00:00,118714.35,118792.0,117834.24,118000.01,1113.77866,True,True,True,True,-2,0,126,False,False,False,False,False,,,,
2025-07-30 16:00:00,118000.01,118021.88,117635.3,117734.8,710.50243,True,True,True,True,-2,0,127,False,False,False,False,False,,,,
2025-07-30 17:00:00,117734.8,117940.0,117650.0,117802.1,591.37855,True,True,True,True,-4,0,128,False,False,False,False,False,,,,
2025-07-30 18:00:00,117802.11,118037.18,116509.47,116523.14,1846.61677,True,True,True,True,-4,0,129,False,False,False,False,False,,,,
2025-07-30 19:00:00,116523.15,117123.8,115796.23,116916.73,2572.65277,True,True,True,True,-4,0,130,False,False,False,False,False,,,,
2025-07-30 20:00:00,116916.73,117325.94,116880.64,117175.71,515.7628,True,True,True,True,-4,0,131,False,False,False,False,False,,,,
2025-07-30 21:00:00,117175.72,117336.34,116955.64,117326.82,214.49198,True,True,True,True,-4,0,132,False,False,False,False,False,,,,
2025-07-30 22:00:00,117326.82,117497.17,117253.73,117486.49,316.24088,True,True,True,True,-2,0,133,False,False,False,False,False,,,,
2025-07-30 23:00:00,117486.48,117908.4,117460.0,117840.3,337.68137,True,True,True,True,-4,0,134,False,False,False,False,False,,,,
2025-07-31 00:00:00,117840.29,118542.39,117781.87,118415.8,800.0686,True,True,True,True,-2,0,135,False,False,False,False,False,,,,
2025-07-31 01:00:00,118415.8,118456.46,117992.71,118055.32,463.81141,True,True,True,True,0,0,136,False,False,False,False,False,,,,
2025-07-31 02:00:00,118055.32,118520.32,117981.02,118447.52,585.37259,True,True,True,True,0,0,137,False,False,False,False,False,,,,
2025-07-31 03:00:00,118447.52,118600.0,118385.0,118466.14,458.32072,True,True,True,True,0,0,138,False,False,False,False,False,,,,
2025-07-31 04:00:00,118466.15,118550.0,118364.13,118511.53,359.32077,True,True,True,True,-4,0,139,False,False,False,False,False,,,,
2025-07-31 05:00:00,118511.52,118540.0,118331.63,118362.0,277.83295,True,True,True,True,-2,0,140,False,False,False,False,False,,,,
2025-07-31 06:00:00,118362.01,118725.59,118287.63,118691.78,552.35653,True,True,True,True,-2,0,141,False,False,False,False,False,,,,
2025-07-31 07:00:00,118691.79,118922.45,118604.22,118665.97,718.45709,True,True,True,True,-2,0,142,False,False,False,False,False,,,,
2025-07-31 08:00:00,118665.98,118770.07,118568.46,118593.94,310.28437,True,True,True,True,0,0,143,False,False,False,False,False,,,,
2025-07-31 09:00:00,118593.95,118617.96,118467.65,118605.58,248.44101,True,True,True,True,8,0,144,False,False,False,False,False,,,,
2025-07-31 10:00:00,118605.58,118719.42,118435.72,118505.02,285.13996,True,True,True,True,8,0,145,False,False,False,False,False,,,,
2025-07-31 11:00:00,118505.02,118560.0,118278.91,118371.25,446.34097,True,True,True,True,8,0,146,False,False,False,False,False,,,,
2025-07-31 12:00:00,118371.25,118645.1,118285.14,118626.18,435.85485,True,True,True,True,4,0,147,False,False,False,False,False,,,,
2025-07-31 13:00:00,118626.19,118702.1,117807.35,118557.01,806.82751,True,True,True,True,4,0,148,False,False,False,False,False,,,,
2025-07-31 14:00:00,118557.01,118660.17,117901.68,117913.18,1043.63162,True,True,True,True,-2,0,149,False,False,False,False,False,,,,
2025-07-31 15:00:00,117913.19,118351.0,117894.99,118306.18,1170.96697,True,True,True,True,-2,0,150,False,False,False,False,False,,,,
2025-07-31 16:00:00,118306.18,118879.14,118242.39,118538.53,876.32003,True,True,True,True,-2,0,151,False,False,False,False,False,,,,
2025-07-31 17:00:00,118538.53,118557.71,117702.42,117728.0,1032.83499,True,True,True,True,-2,0,152,False,False,False,False,False,,,,
2025-07-31 18:00:00,117728.0,117998.38,117400.0,117658.8,946.75341,True,True,True,True,-6,0,153,False,False,False,False,False,,,,
2025-07-31 19:00:00,117658.81,117762.05,116763.43,116785.79,1372.31175,True,True,True,True,-4,0,154,False,False,False,False,False,,,,
2025-07-31 20:00:00,116785.78,116990.04,116450.0,116514.0,975.87757,True,True,True,True,-4,0,155,False,False,False,False,False,,,,
2025-07-31 21:00:00,116514.0,116909.67,116228.77,116536.96,742.76679,True,True,True,True,-2,0,156,False,False,False,False,False,,,,
2025-07-31 22:00:00,116536.96,116536.97,116010.0,116010.6,834.08855,True,True,True,True,-2,0,157,False,False,False,False,False,,,,
2025-07-31 23:00:00,116010.6,116362.99,115500.0,115764.08,1266.02629,True,True,True,True,-2,0,158,False,False,False,False,False,,,,
2025-08-01 00:00:00,115764.07,115933.0,114313.13,115427.27,2526.88761,True,True,True,True,-4,0,159,False,False,False,False,False,,,,
2025-08-01 01:00:00,115427.27,115609.99,114600.0,115331.86,1656.04021,True,True,True,True,-2,0,160,False,False,False,False,False,,,,
2025-08-01 02:00:00,115328.67,116019.3,115221.07,115966.12,704.95562,True,True,True,True,-2,0,161,False,False,False,False,False,,,,
2025-08-01 03:00:00,115966.11,116052.0,115613.21,115648.03,552.44227,True,True,True,True,-4,0,162,False,False,False,False,False,,,,
2025-08-01 04:00:00,115648.03,115699.58,115266.64,115695.52,571.24791,True,True,True,True,-4,0,163,False,False,False,False,False,,,,
2025-08-01 05:00:00,115695.53,115916.43,115385.92,115568.0,511.19199,True,True,True,True,-4,0,164,False,False,False,False,False,,,,
2025-08-01 06:00:00,115568.0,115658.09,115065.55,115156.51,629.39718,True,True,True,True,-4,0,165,False,False,False,False,False,,,,
2025-08-01 07:00:00,115156.52,115300.0,114633.18,115081.77,1240.67026,True,True,True,True,-4,0,166,False,False,False,False,False,,,,
2025-08-01 08:00:00,115081.76,115081.76,114116.0,114615.99,1432.56065,True,True,True,True,-4,0,167,False,False,False,False,False,,,,
2025-08-01 09:00:00,114615.98,115340.0,114555.41,114938.67,848.20925,True,True,True,True,-4,0,168,False,False,False,False,False,,,,
2025-08-01 10:00:00,114938.66,115203.13,114710.02,114762.58,563.088,True,True,True,True,-4,0,169,False,False,False,False,False,,,,
2025-08-01 11:00:00,114762.58,115336.98,114602.4,115305.65,494.67127,True,True,True,True,-2,0,170,False,False,False,False,False,,,,
2025-08-01 12:00:00,115305.64,115900.0,115142.62,115732.48,1062.63539,True,True,True,True,0,0,171,False,False,False,False,False,,,,
2025-08-01 13:00:00,115732.48,116019.3,114172.0,114352.05,1584.07705,True,True,True,True,-2,0,172,False,False,False,False,False,,,,
2025-08-01 14:00:00,114352.04,115831.28,113988.47,115619.8,1808.99,True,True,True,True,-2,0,173,False,False,False,False,False,,,,
2025-08-01 15:00:00,115619.8,115645.57,114676.03,115357.82,870.26042,True,True,True,True,0,0,174,False,False,False,False,False,,,,
2025-08-01 16:00:00,115357.82,115695.52,114817.81,115015.6,703.92463,True,True,True,True,-2,0,175,False,False,False,False,False,,,,
2025-08-01 17:00:00,115015.6,115096.93,114345.0,114420.0,956.24887,True,True,True,True,-6,0,176,False,False,False,False,False,,,,
2025-08-01 18:00:00,114420.0,114496.59,113669.01,113836.93,1180.88823,True,True,True,True,-4,0,177,False,False,False,False,False,,,,
2025-08-01 19:00:00,113836.92,113922.47,113221.93,113328.68,1294.41329,True,True,True,True,-4,0,178,False,False,False,False,False,,,,
2025-08-01 20:00:00,113328.67,113980.0,113168.22,113951.09,957.20378,True,True,True,True,-4,0,179,False,False,False,False,False,,,,
2025-08-01 21:00:00,113951.1,114094.08,113700.0,113892.12,429.29775,True,True,True,True,-4,0,180,False,False,False,False,False,,,,
2025-08-01 22:00:00,113892.11,114010.82,112722.58,113141.05,1368.89305,True,True,True,True,-2,0,181,False,False,False,False,False,,,,
2025-08-01 23:00:00,113141.05,113560.46,112908.54,113297.93,538.90738,True,True,True,True,-2,0,182,False,False,False,False,False,,,,
2025-08-02 00:00:00,113297.92,113844.16,113198.63,113822.97,564.28406,True,True,True,True,-2,0,183,False,False,False,False,False,,,,
2025-08-02 01:00:00,113822.97,113909.3,113420.76,113674.24,353.21281,True,True,True,True,0,0,184,False,False,False,False,False,,,,
2025-08-02 02:00:00,113674.23,113766.43,113534.3,113702.24,231.27114,True,True,True,True,-2,0,185,False,False,False,False,False,,,,
2025-08-02 03:00:00,113702.24,113921.94,113702.24,113909.86,274.2046,True,True,True,True,-2,0,186,False,False,False,False,False,,,,
2025-08-02 04:00:00,113909.87,114057.27,113820.0,114025.75,276.30204,True,True,True,True,-4,0,187,False,False,False,False,False,,,,
2025-08-02 05:00:00,114025.76,114063.49,113855.01,113981.06,316.01705,True,True,True,True,-4,0,188,False,False,False,False,False,,,,
2025-08-02 06:00:00,113981.07,113981.07,113469.43,113697.85,738.65234,True,True,True,True,-4,0,189,False,False,False,False,False,,,,
2025-08-02 07:00:00,113697.85,114021.0,113556.19,113982.49,343.41858,True,True,True,True,-4,0,190,False,False,False,False,False,,,,
2025-08-02 08:00:00,113982.49,114040.29,113676.81,113682.01,340.52067,True,True,True,True,-4,0,191,False,False,False,False,False,,,,
2025-08-02 09:00:00,113682.01,113852.0,113572.19,113690.7,257.96721,True,True,True,True,-2,0,192,False,False,False,False,False,,,,
2025-08-02 10:00:00,113690.71,113704.0,113425.58,113550.89,298.16298,True,True,True,True,0,0,193,False,False,False,False,False,,,,
2025-08-02 11:00:00,113550.89,113914.25,113451.77,113787.12,238.71141,True,True,True,True,0,0,194,False,False,False,False,False,,,,
2025-08-02 12:00:00,113787.11,113787.12,113564.99,113620.01,343.54746,True,True,True,True,0,0,195,False,False,False,False,False,,,,
2025-08-02 13:00:00,113620.01,113630.0,113218.0,113457.85,451.43917,True,True,True,True,0,0,196,False,False,False,False,False,,,,
2025-08-02 14:00:00,113457.86,113530.0,112939.39,113099.89,592.6822,True,True,True,True,-4,0,197,False,False,False,False,False,,,,
2025-08-02 15:00:00,113099.9,113420.0,112802.31,112840.71,535.05988,True,True,True,True,-4,0,198,False,False,False,False,False,,,,
2025-08-02 16:00:00,112840.7,113261.16,112700.07,113200.25,635.18022,True,True,True,True,-4,0,199,False,False,False,False,False,,,,
2025-08-02 17:00:00,113200.25,113420.0,112584.23,112724.03,549.02438,True,True,True,True,-4,0,200,False,False,False,False,False,,,,
2025-08-02 18:00:00,112724.04,112920.0,112099.22,112327.65,1222.82947,True,True,True,True,-4,0,201,False,False,False,False,False,,,,
2025-08-02 19:00:00,112327.65,112945.62,112003.0,112229.42,1007.67252,True,True,True,True,-4,0,202,False,False,False,False,False,,,,
2025-08-02 20:00:00,112229.42,112780.0,112069.86,112780.0,524.00327,True,True,True,True,-4,0,203,False,False,False,False,False,,,,
2025-08-02 21:00:00,112780.0,113058.82,112562.02,112859.32,390.78856,True,True,True,True,-4,0,204,False,False,False,False,False,,,,
2025-08-02 22:00:00,112859.32,113011.63,112555.0,112862.14,295.9162,True,True,True,True,-2,0,205,False,False,False,False,False,,,,
2025-08-02 23:00:00,112862.14,112873.83,112280.86,112546.35,726.46606,True,True,True,True,-4,0,206,False,False,False,False,False,,,,
2025-08-03 00:00:00,112546.35,112992.27,111920.0,112956.04,821.53565,True,True,True,True,-2,0,207,False,False,False,False,False,,,,
2025-08-03 01:00:00,112956.04,113269.92,112841.46,113107.99,481.50444,True,True,True,True,-4,0,208,False,False,False,False,False,,,,
2025-08-03 02:00:00,113107.99,113517.58,113100.0,113517.58,450.43769,True,True,True,True,-2,0,209,False,False,False,False,False,,,,
2025-08-03 03:00:00,113517.58,113740.69,113419.45,113604.2,353.06632,True,True,True,True,2,0,210,False,False,False,False,False,,,,
2025-08-03 04:00:00,113604.2,113604.2,113341.06,113468.41,237.62179,True,True,True,True,4,0,211,False,False,False,False,False,,,,
2025-08-03 05:00:00,113468.41,113659.0,113408.22,113618.52,203.79543,True,True,True,True,8,0,212,False,False,False,False,False,,,,
2025-08-03 06:00:00,113618.52,113636.5,113472.54,113559.34,147.54012,True,True,True,True,8,0,213,False,False,False,False,False,,,,
2025-08-03 07:00:00,113559.34,113720.16,113559.34,113700.0,175.31963,True,True,True,True,8,0,214,False,False,False,False,False,,,,
2025-08-03 08:00:00,113700.0,113790.0,113551.0,113692.0,282.38474,True,True,True,True,8,0,215,False,False,False,False,False,,,,
2025-08-03 09:00:00,113692.01,113710.51,113630.3,113654.95,234.09945,True,True,True,True,8,0,216,False,False,False,False,False,,,,
2025-08-03 10:00:00,113654.95,113900.0,113654.94,113899.99,181.60816,True,True,True,True,8,0,217,False,False,False,False,False,,,,
2025-08-03 11:00:00,113899.99,114260.31,113861.18,113862.18,562.11642,True,True,True,True,8,0,218,False,False,False,False,False,,,,
2025-08-03 12:00:00,113862.19,114098.45,113656.4,114009.99,337.34488,True,True,True,True,8,0,219,False,False,False,False,False,,,,
2025-08-03 13:00:00,114010.0,114095.35,113803.0,113939.0,257.53926,True,True,True,True,6,0,220,False,False,False,False,False,,,,
2025-08-03 14:00:00,113939.0,114065.54,113579.69,113792.28,320.16676,True,True,True,True,6,0,221,False,False,False,False,False,,,,
2025-08-03 15:00:00,113792.29,113966.0,113674.05,113959.06,216.51596,True,True,True,True,8,0,222,False,False,False,False,False,,,,
2025-08-03 16:00:00,113959.06,114026.82,113775.55,113995.16,246.66079,True,True,True,True,6,0,223,False,False,False,False,False,,,,
2025-08-03 17:00:00,113995.15,114165.09,113953.97,114117.42,198.95641,True,True,True,True,8,0,224,False,False,False,False,False,,,,
2025-08-03 18:00:00,114117.42,114460.15,114060.36,114380.4,361.64858,True,True,True,True,8,0,225,False,False,False,False,False,,,,
2025-08-03 19:00:00,114380.41,114799.97,114259.95,114313.19,447.69931,True,True,True,True,8,0,226,False,False,False,False,False,,,,
2025-08-03 20:00:00,114313.19,114467.0,114163.49,114423.77,200.81959,True,True,True,True,8,0,227,False,False,False,False,False,,,,
2025-08-03 21:00:00,114423.77,114521.68,114363.46,114435.47,223.44858,True,True,True,True,8,0,228,False,False,False,False,False,,,,
2025-08-03 22:00:00,114435.46,114612.24,114066.56,114324.83,237.81327,True,True,True,True,8,0,229,False,False,False,False,False,,,,
2025-08-03 23:00:00,114324.84,114500.0,114176.0,114208.8,218.11723,True,True,True,True,8,0,230,False,False,False,False,False,,,,
2025-08-04 00:00:00,114208.81,114914.29,114107.6,114899.87,508.31725,True,True,True,True,8,0,231,False,False,False,False,False,,,,
2025-08-04 01:00:00,114899.86,115000.0,114620.14,114671.96,423.44241,True,True,True,True,8,0,232,False,False,False,False,False,,,,
2025-08-04 02:00:00,114671.96,114877.98,114418.68,114797.9,351.22547,True,True,True,True,8,0,233,False,False,False,False,False,,,,
2025-08-04 03:00:00,114797.9,114799.0,114527.73,114570.61,242.02073,True,True,True,True,8,0,234,False,False,False,False,False,,,,
2025-08-04 04:00:00,114570.61,114653.51,114345.74,114383.55,269.38623,True,True,True,True,8,0,235,False,False,False,False,False,,,,
2025-08-04 05:00:00,114383.54,114418.75,114188.0,114391.26,265.57526,True,True,True,True,8,0,236,False,False,False,False,False,,,,
2025-08-04 06:00:00,114391.26,114482.49,114148.58,114423.76,331.16254,True,True,True,True,8,0,237,False,False,False,False,False,,,,
2025-08-04 07:00:00,114423.77,114778.5,114402.45,114652.97,355.14904,True,True,True,True,6,0,238,False,False,False,False,False,,,,
2025-08-04 08:00:00,114652.98,114750.0,114360.99,114546.25,411.15429,True,True,True,True,6,0,239,False,False,False,False,False,,,,
2025-08-04 09:00:00,114546.25,114744.2,114302.29,114325.92,278.67574,True,True,True,True,0,0,240,False,False,False,False,False,,,,
2025-08-04 10:00:00,114325.92,114506.16,114234.58,114251.83,264.56078,True,True,True,True,-6,0,241,False,False,False,False,False,,,,
2025-08-04 11:00:00,114251.83,114517.55,114217.97,114493.09,234.25413,True,True,True,True,-4,0,242,False,False,False,False,False,,,,
2025-08-04 12:00:00,114493.09,114535.48,114327.95,114444.36,221.8459,True,True,True,True,-4,0,243,False,False,False,False,False,,,,
2025-08-04 13:00:00,114444.36,114913.89,114121.0,114913.88,839.66562,True,True,True,True,8,0,244,False,False,False,False,False,,,,
2025-08-04 14:00:00,114913.89,115466.0,114652.96,114736.78,1386.32387,True,True,True,True,8,0,245,False,False,False,False,False,,,,
2025-08-04 15:00:00,114736.78,115022.97,114560.33,114826.0,437.62587,True,True,True,True,8,0,246,False,False,False,False,False,,,,
2025-08-04 16:00:00,114826.01,115405.22,114826.0,115301.0,612.68493,True,True,True,True,6,0,247,False,False,False,False,False,,,,
2025-08-04 17:00:00,115301.0,115720.0,115148.08,115193.41,546.48208,True,True,True,True,8,1,0,False,False,False,True,False,115148.08,,,
2025-08-04 18:00:00,115193.41,115312.76,114913.88,114957.64,298.66935,True,True,True,True,8,1,1,False,False,False,False,False,,,,
2025-08-04 19:00:00,114957.63,115134.46,114732.65,114777.62,385.27982,True,True,True,True,8,1,2,False,False,False,False,False,,,,
2025-08-04 20:00:00,114777.62,115076.34,114616.33,114811.96,363.41688,True,True,True,True,8,1,3,False,False,False,False,False,,,,
2025-08-04 21:00:00,114811.95,115258.62,114810.75,115111.09,229.85173,True,True,True,True,8,1,4,False,True,False,False,False,,,115258.62,
2025-08-04 22:00:00,115111.09,115325.88,115086.72,115325.88,225.85251,True,True,True,True,8,1,5,False,True,False,False,False,,,,
2025-08-04 23:00:00,115325.88,115340.0,115046.67,115055.03,185.05673,True,True,True,True,8,1,6,False,True,False,False,False,,,,
2025-08-05 00:00:00,115055.03,115127.81,114840.0,114886.96,347.41151,True,True,True,True,8,1,7,False,True,False,False,False,,,,
2025-08-05 01:00:00,114886.97,115046.68,114695.18,114708.11,309.55292,True,True,True,True,6,1,8,False,True,False,False,False,,,,
2025-08-05 02:00:00,114708.11,114827.79,114614.94,114719.27,238.27103,True,True,True,True,8,1,9,False,True,False,False,False,,,,
2025-08-05 03:00:00,114719.27,114737.82,114256.85,114256.85,503.68849,True,True,True,True,2,1,10,False,True,False,False,False,,,,
2025-08-05 04:00:00,114256.85,114426.65,114149.95,114338.06,577.56577,True,True,True,True,-4,1,11,False,True,False,False,False,,,,
2025-08-05 05:00:00,114338.07,114487.25,114239.87,114405.99,337.63342,True,True,True,True,-4,1,12,False,True,False,False,False,,,,
2025-08-05 06:00:00,114406.0,114500.66,114105.71,114178.63,389.84213,True,True,True,True,-4,1,13,False,True,False,False,False,,,,
2025-08-05 07:00:00,114178.64,114395.3,113725.72,113969.7,820.50191,True,True,True,True,-4,1,14,False,True,False,False,False,,,,
2025-08-05 08:00:00,113969.7,114540.0,113928.87,114281.09,460.31877,True,True,True,True,-4,1,15,False,True,False,False,False,,,,
2025-08-05 09:00:00,114281.09,114792.72,114281.08,114694.76,482.30599,True,True,True,True,-2,1,16,False,True,False,False,False,,,,
2025-08-05 10:00:00,114694.76,115096.73,114586.73,114841.27,438.67573,True,True,True,True,-2,1,17,False,True,False,False,False,,,,
2025-08-05 11:00:00,114841.28,114972.0,114750.0,114827.07,212.26183,True,True,True,True,0,1,18,False,True,False,False,False,,,,
2025-08-05 12:00:00,114827.07,114893.13,113500.01,113937.35,935.92869,True,True,True,True,-4,1,19,False,True,False,False,False,,,,
2025-08-05 13:00:00,113937.35,114573.17,113868.0,114381.43,634.93972,True,True,True,True,-2,1,20,False,True,False,False,False,,,,
2025-08-05 14:00:00,114380.75,114386.37,112650.0,113037.12,2125.43779,True,True,True,True,-4,-1,0,False,True,False,False,True,,114386.37,,
2025-08-05 15:00:00,113037.12,113249.11,112692.3,112934.0,894.1622,True,True,True,True,-4,-1,1,False,True,False,False,False,,,,
2025-08-05 16:00:00,112934.0,113367.31,112815.68,113175.73,505.57628,True,True,True,True,-4,-1,2,False,True,False,False,False,,,,
2025-08-05 17:00:00,113175.73,113661.96,113096.0,113640.01,359.20465,True,True,True,True,-2,-1,3,False,True,False,False,False,,,,
2025-08-05 18:00:00,113640.01,113653.93,113261.79,113644.71,313.62971,True,True,True,True,-2,-1,4,False,False,True,False,False,,,,113261.79
2025-08-05 19:00:00,113644.72,113763.27,113407.35,113616.52,256.1101,True,True,True,True,-2,-1,5,False,False,True,False,False,,,,
2025-08-05 20:00:00,113616.51,113989.97,113494.47,113690.71,242.46818,True,True,True,True,-4,-1,6,False,False,True,False,False,,,,
2025-08-05 21:00:00,113690.71,113862.45,113569.07,113606.53,183.41893,True,True,True,True,-2,-1,7,False,False,True,False,False,,,,
2025-08-05 22:00:00,113606.52,113989.4,113304.0,113961.25,268.24607,True,True,True,True,-4,-1,8,False,False,True,False,False,,,,
2025-08-05 23:00:00,113961.25,114228.88,113918.4,114129.75,205.63896,True,True,True,True,-2,-1,9,False,False,True,False,False,,,,
2025-08-06 00:00:00,114129.75,114139.38,113748.67,113879.7,295.3476,True,True,True,True,-4,-1,10,False,False,True,False,False,,,,
2025-08-06 01:00:00,113879.69,113945.14,113588.77,113821.21,292.50885,True,True,True,True,-4,-1,11,False,False,True,False,False,,,,
2025-08-06 02:00:00,113820.77,113833.88,113491.76,113623.22,206.78627,True,True,True,True,-4,-1,12,False,False,True,False,False,,,,
2025-08-06 03:00:00,113623.23,113658.13,113400.0,113509.97,266.89492,True,True,True,True,-4,-1,13,False,False,True,False,False,,,,
2025-08-06 04:00:00,113509.98,113582.71,113355.13,113429.21,248.98133,True,True,True,True,-4,-1,14,False,False,True,False,False,,,,
2025-08-06 05:00:00,113429.21,114417.02,113384.81,114148.01,602.70557,True,True,True,True,6,-1,15,False,False,True,False,False,,,,
2025-08-06 06:00:00,114148.01,114200.0,113933.23,114084.93,265.65128,True,True,True,True,8,-1,16,False,False,True,False,False,,,,
2025-08-06 07:00:00,114084.92,114300.0,114019.66,114227.91,319.69253,True,True,True,True,8,-1,17,False,False,True,False,False,,,,
2025-08-06 08:00:00,114227.9,114250.0,113727.57,113948.22,382.35629,True,True,True,True,8,-1,18,False,False,True,False,False,,,,
2025-08-06 09:00:00,113948.23,114368.31,113906.96,114093.15,340.97337,True,True,True,True,8,-1,19,False,False,True,False,False,,,,
2025-08-06 10:00:00,114093.15,114226.69,113899.2,114067.2,335.97303,True,True,True,True,-2,-1,20,False,False,True,False,False,,,,
2025-08-06 11:00:00,114067.2,114404.23,114007.85,114226.69,220.99495,True,True,True,True,6,-1,21,False,False,True,False,False,,,,
2025-08-06 12:00:00,114226.68,114333.59,113809.02,113914.31,306.06988,True,True,True,True,6,-1,22,False,False,True,False,False,,,,
2025-08-06 13:00:00,113914.31,114390.88,113579.9,114270.09,671.195,True,True,True,True,4,-1,23,False,False,True,False,False,,,,
2025-08-06 14:00:00,114270.09,115200.0,113869.88,115187.96,1041.66895,True,True,True,True,8,1,0,False,False,True,True,False,113869.88,,,
2025-08-06 15:00:00,115187.96,115515.09,114832.38,115413.87,1490.7463,True,True,True,True,8,1,1,False,False,True,False,False,,,,
2025-08-06 16:00:00,115413.87,115477.06,114942.18,115132.49,642.38859,True,True,True,True,8,1,2,False,False,True,False,False,,,,
2025-08-06 17:00:00,115132.49,115514.28,115024.0,115500.0,392.98209,True,True,True,True,8,1,3,False,False,True,False,False,,,,
2025-08-06 18:00:00,115500.0,115716.0,115301.27,115423.22,479.34282,True,True,True,True,8,1,4,False,True,False,False,False,,,115716.0,
2025-08-06 19:00:00,115423.23,115525.48,115118.8,115259.99,213.24559,True,True,True,True,8,1,5,False,True,False,False,False,,,,
2025-08-06 20:00:00,115260.0,115260.0,114987.68,115045.64,210.50571,True,True,True,True,8,1,6,False,True,False,False,False,,,,
2025-08-06 21:00:00,115045.65,115221.14,114793.01,115048.78,185.66057,True,True,True,True,8,1,7,False,True,False,False,False,,,,
2025-08-06 22:00:00,115048.77,115210.95,115039.14,115106.67,165.26512,True,True,True,True,6,1,8,False,True,False,False,False,,,,
2025-08-06 23:00:00,115106.66,115122.34,114963.2,114992.27,183.21657,True,True,True,True,6,1,9,False,True,False,False,False,,,,
2025-08-07 00:00:00,114992.27,115015.82,114856.15,114890.65,163.37387,True,True,True,True,4,1,10,False,True,False,False,False,,,,
2025-08-07 01:00:00,114890.66,115185.58,114580.53,114763.46,404.60721,True,True,True,True,4,1,11,False,True,False,False,False,,,,
2025-08-07 02:00:00,114763.47,114859.0,114404.22,114565.28,452.19409,True,True,True,True,4,1,12,False,True,False,False,False,,,,
2025-08-07 03:00:00,114564.76,114624.3,114404.7,114546.03,172.73916,True,True,True,True,4,1,13,False,True,False,False,False,,,,
2025-08-07 04:00:00,114546.03,114648.0,114259.0,114349.58,270.06529,True,True,True,True,-2,1,14,False,True,False,False,False,,,,
2025-08-07 05:00:00,114349.58,114568.74,114278.02,114568.73,404.27424,True,True,True,True,-6,1,15,False,True,False,False,False,,,,
2025-08-07 06:00:00,114568.74,114784.0,114511.96,114650.01,387.25216,True,True,True,True,-4,1,16,False,True,False,False,False,,,,
2025-08-07 07:00:00,114650.01,114876.79,114640.03,114787.99,229.36946,True,True,True,True,-4,1,17,False,True,False,False,False,,,,
2025-08-07 08:00:00,114787.99,115179.99,114787.98,114948.74,302.6219,True,True,True,True,-2,1,18,False,True,False,False,False,,,,
2025-08-07 09:00:00,114948.74,115077.37,114844.78,115062.19,216.94309,True,True,True,True,2,1,19,False,True,False,False,False,,,,
2025-08-07 10:00:00,115062.19,116430.01,115038.06,116347.22,1912.68886,True,True,True,True,8,1,20,False,True,False,False,False,,,,
2025-08-07 11:00:00,116347.23,116828.93,116347.23,116519.53,1265.855,True,True,True,True,8,1,21,False,True,False,False,False,,,,
2025-08-07 12:00:00,116519.54,116588.02,116035.84,116390.0,797.0617,True,True,True,True,8,1,22,False,True,False,False,False,,,,
2025-08-07 13:00:00,116390.01,116741.05,116200.0,116640.0,668.99023,True,True,True,True,8,1,23,False,True,False,False,False,,,,
2025-08-07 14:00:00,116640.01,116680.0,116204.32,116363.16,793.48345,True,True,True,True,8,1,24,False,True,False,False,False,,,,
2025-08-07 15:00:00,116363.16,116791.11,116240.0,116689.81,487.19639,True,True,True,True,8,1,25,False,True,False,False,False,,,,
2025-08-07 16:00:00,116689.8,116748.66,115632.31,116259.24,767.87711,True,True,True,True,8,1,26,False,True,False,False,False,,,,
2025-08-07 17:00:00,116259.24,116560.0,116120.0,116511.54,505.06396,True,True,True,True,6,1,27,False,True,False,False,False,,,,
2025-08-07 18:00:00,116511.55,116573.36,116123.72,116561.05,422.06821,True,True,True,True,8,1,28,False,True,False,False,False,,,,
2025-08-07 19:00:00,116561.05,117520.0,116488.0,117461.98,1040.61628,True,True,True,True,8,1,29,False,True,False,False,False,,,,
2025-08-07 20:00:00,117461.99,117496.05,117140.32,117182.19,510.82309,True,True,True,True,8,1,30,False,True,False,False,False,,,,
2025-08-07 21:00:00,117182.19,117354.21,117012.0,117105.78,337.78727,True,True,True,True,8,1,31,False,True,False,False,False,,,,
2025-08-07 22:00:00,117105.77,117621.0,117079.39,117554.23,676.81999,True,True,True,True,8,1,32,False,True,False,False,False,,,,
2025-08-07 23:00:00,117554.23,117579.98,117292.88,117472.01,278.79062,True,True,True,True,8,1,33,False,True,False,False,False,,,,
2025-08-08 00:00:00,117472.02,117630.0,116870.21,117264.12,806.35514,True,True,True,True,6,1,34,False,True,False,False,False,,,,
2025-08-08 01:00:00,117264.11,117264.12,116786.43,116888.02,659.33735,True,True,True,True,6,1,35,False,True,False,False,False,,,,
2025-08-08 02:00:00,116888.01,116923.21,116694.28,116700.0,320.47308,True,True,True,True,6,1,36,False,True,False,False,False,,,,
2025-08-08 03:00:00,116700.0,116980.0,116699.6,116737.35,607.75417,True,True,True,True,6,1,37,False,True,False,False,False,,,,
2025-08-08 04:00:00,116737.34,116869.49,116666.0,116750.01,325.84463,True,True,True,True,6,1,38,False,True,False,False,False,,,,
2025-08-08 05:00:00,116750.01,116750.01,116505.0,116530.63,346.36157,True,True,True,True,2,1,39,False,True,False,False,False,,,,
2025-08-08 06:00:00,116530.64,116763.44,116401.0,116740.01,336.4827,True,True,True,True,2,1,40,False,True,False,False,False,,,,
2025-08-08 07:00:00,116740.01,116973.3,116557.54,116817.19,447.58601,True,True,True,True,8,1,41,False,True,False,False,False,,,,
2025-08-08 08:00:00,116817.2,116914.6,116449.51,116620.63,335.47963,True,True,True,True,8,1,42,False,True,False,False,False,,,,
2025-08-08 09:00:00,116620.63,116726.88,116481.44,116685.17,231.14843,True,True,True,True,2,1,43,False,True,False,False,False,,,,
2025-08-08 10:00:00,116685.17,116714.46,116317.08,116544.39,331.86082,True,True,True,True,-4,1,44,False,True,False,False,False,,,,
2025-08-08 11:00:00,116544.39,116899.78,116544.39,116891.51,210.49123,True,True,True,True,-4,1,45,False,True,False,False,False,,,,
2025-08-08 12:00:00,116891.51,116891.52,116492.45,116500.48,293.02279,True,True,True,True,-4,1,46,False,True,False,False,False,,,,
2025-08-08 13:00:00,116500.49,116945.63,116499.43,116917.97,612.94206,True,True,True,True,-2,1,47,False,True,False,False,False,,,,
2025-08-08 14:00:00,116917.98,117271.73,116381.32,116491.53,725.75392,True,True,True,True,-4,1,48,False,True,False,False,False,,,,
2025-08-08 15:00:00,116491.53,116538.94,115878.71,116207.69,909.09971,True,True,True,True,-4,1,49,False,True,False,False,False,,,,
2025-08-08 16:00:00,116207.7,116364.82,116006.14,116193.63,344.02759,True,True,True,True,-4,1,50,False,True,False,False,False,,,,
2025-08-08 17:00:00,116193.63,116708.86,116161.11,116708.86,450.81243,True,True,True,True,-4,1,51,False,True,False,False,False,,,,
2025-08-08 18:00:00,116708.86,116900.0,116336.0,116497.99,571.6669,True,True,True,True,-2,1,52,False,True,False,False,False,,,,
2025-08-08 19:00:00,116497.99,116716.26,116337.91,116453.41,324.29021,True,True,True,True,-2,1,53,False,True,False,False,False,,,,
2025-08-08 20:00:00,116453.41,116900.0,116319.06,116888.52,248.65741,True,True,True,True,-2,1,54,False,True,False,False,False,,,,
2025-08-08 21:00:00,116888.52,116979.95,116755.53,116931.44,257.90138,True,True,True,True,0,1,55,False,True,False,False,False,,,,
2025-08-08 22:00:00,116931.43,116980.0,116752.05,116888.9,210.4007,True,True,True,True,4,1,56,False,True,False,False,False,,,,
2025-08-08 23:00:00,116888.9,116917.74,116657.26,116674.74,137.56292,True,True,True,True,4,1,57,False,True,False,False,False,,,,
2025-08-09 00:00:00,116674.74,116750.0,116577.72,116586.0,153.621,True,True,True,True,-2,1,58,False,True,False,False,False,,,,
2025-08-09 01:00:00,116586.0,116650.01,116521.38,116563.26,163.11531,True,True,True,True,-4,1,59,False,True,False,False,False,,,,
2025-08-09 02:00:00,116563.26,116563.26,116400.0,116404.0,173.10957,True,True,True,True,-4,1,60,False,True,False,False,False,,,,
2025-08-09 03:00:00,116404.0,116482.28,116299.13,116384.01,482.04648,True,True,True,True,-4,1,61,False,True,False,False,False,,,,
2025-08-09 04:00:00,116384.01,116675.99,116339.45,116434.76,377.42502,True,True,True,True,-4,1,62,False,True,False,False,False,,,,
2025-08-09 05:00:00,116434.77,116980.0,116418.0,116739.23,1012.58137,True,True,True,True,-2,1,63,False,True,False,False,False,,,,
2025-08-09 06:00:00,116739.23,116756.24,116532.77,116650.75,388.30445,True,True,True,True,8,1,64,False,True,False,False,False,,,,
2025-08-09 07:00:00,116650.75,116902.22,116633.88,116756.01,242.70175,True,True,True,True,8,1,65,False,True,False,False,False,,,,
2025-08-09 08:00:00,116756.0,117181.0,116756.0,117106.65,373.19101,True,True,True,True,8,1,66,False,True,False,False,False,,,,
2025-08-09 09:00:00,117106.66,117510.88,117045.54,117510.87,774.92238,True,True,True,True,8,1,67,False,True,False,False,False,,,,
2025-08-09 10:00:00,117510.88,117944.05,117382.27,117424.16,867.64459,True,True,True,True,8,1,68,False,True,False,False,False,,,,
2025-08-09 11:00:00,117424.16,117471.73,117082.43,117110.0,337.61342,True,True,True,True,8,1,69,False,True,False,False,False,,,,
2025-08-09 12:00:00,117110.0,117238.04,117010.0,117116.64,301.63531,True,True,True,True,8,1,70,False,True,False,False,False,,,,
2025-08-09 13:00:00,117116.65,117154.15,116878.68,116968.32,306.03785,True,True,True,True,8,1,71,False,True,False,False,False,,,,
2025-08-09 14:00:00,116968.32,117000.0,116748.2,116972.87,357.09924,True,True,True,True,8,1,72,False,True,False,False,False,,,,
2025-08-09 15:00:00,116972.87,117132.75,116700.01,116892.47,417.89197,True,True,True,True,6,1,73,False,True,False,False,False,,,,
2025-08-09 16:00:00,116892.48,116947.16,116642.67,116648.51,288.56338,True,True,True,True,6,1,74,False,True,False,False,False,,,,
2025-08-09 17:00:00,116648.51,116782.46,116619.77,116670.22,252.00135,True,True,True,True,6,1,75,False,True,False,False,False,,,,
2025-08-09 18:00:00,116670.22,116720.96,116555.02,116634.91,227.07359,True,True,True,True,0,1,76,False,True,False,False,False,,,,
2025-08-09 19:00:00,116634.91,116721.74,116500.0,116535.69,435.14207,True,True,True,True,-4,1,77,False,True,False,False,False,,,,
2025-08-09 20:00:00,116535.68,117021.16,116504.53,116778.07,562.07841,True,True,True,True,-2,1,78,False,True,False,False,False,,,,
2025-08-09 21:00:00,116778.07,116794.4,116359.89,116524.09,452.45503,True,True,True,True,-4,1,79,False,True,False,False,False,,,,
2025-08-09 22:00:00,116524.09,116742.28,116500.0,116541.63,406.75315,True,True,True,True,-2,1,80,False,True,False,False,False,,,,
2025-08-09 23:00:00,116541.62,116590.0,116436.15,116462.25,161.12374,True,True,True,True,-2,1,81,False,True,False,False,False,,,,
2025-08-10 00:00:00,116462.25,116759.08,116460.63,116749.47,289.53628,True,True,True,True,-2,1,82,False,True,False,False,False,,,,
2025-08-10 01:00:00,116749.46,116776.59,116539.99,116576.42,275.18169,True,True,True,True,-4,1,83,False,True,False,False,False,,,,
2025-08-10 02:00:00,116576.42,117318.0,116576.41,117317.99,579.74957,True,True,True,True,-2,1,84,False,True,False,False,False,,,,
2025-08-10 03:00:00,117317.99,118500.0,117250.41,118500.0,2748.2157,True,True,True,True,8,1,85,False,True,False,False,False,,,,
2025-08-10 04:00:00,118500.0,118741.77,118380.0,118485.45,980.85579,True,True,True,True,8,1,86,False,True,False,False,False,,,,
2025-08-10 05:00:00,118485.45,118511.0,117902.62,118045.0,566.81947,True,True,True,True,8,1,87,False,True,False,False,False,,,,
2025-08-10 06:00:00,118045.0,118161.05,117743.44,118074.24,319.46299,True,True,True,True,8,1,88,False,True,False,False,False,,,,
2025-08-10 07:00:00,118074.24,118238.87,117466.34,117808.3,576.94555,True,True,True,True,6,1,89,False,True,False,False,False,,,,
2025-08-10 08:00:00,117808.29,118400.0,117608.01,118308.85,375.95884,True,True,True,True,8,1,90,False,True,False,False,False,,,,
2025-08-10 09:00:00,118308.86,118441.48,118110.64,118293.08,372.51661,True,True,True,True,8,1,91,False,True,False,False,False,,,,
2025-08-10 10:00:00,118293.09,118293.45,117998.9,118020.0,328.37693,True,True,True,True,8,1,92,False,True,False,False,False,,,,
2025-08-10 11:00:00,118020.01,118500.0,117940.0,118330.58,429.47265,True,True,True,True,8,1,93,False,True,False,False,False,,,,
2025-08-10 12:00:00,118330.58,118737.26,118232.0,118514.0,629.53171,True,True,True,True,8,1,94,False,True,False,False,False,,,,
2025-08-10 13:00:00,118514.0,118683.87,118370.39,118452.0,392.64786,True,True,True,True,8,1,95,False,True,False,False,False,,,,
2025-08-10 14:00:00,118451.99,118850.0,118308.02,118779.0,740.25126,True,True,True,True,8,1,96,False,True,False,False,False,,,,
2025-08-10 15:00:00,118778.99,119113.94,118568.07,118815.0,1046.79677,True,True,True,True,8,1,97,False,True,False,False,False,,,,
2025-08-10 16:00:00,118815.0,118944.24,118623.14,118671.74,402.88128,True,True,True,True,8,1,98,False,True,False,False,False,,,,
2025-08-10 17:00:00,118671.75,118693.02,118453.48,118520.32,230.15923,True,True,True,True,8,1,99,False,True,False,False,False,,,,
2025-08-10 18:00:00,118520.33,118611.91,118433.8,118554.01,143.03169,True,True,True,True,8,1,100,False,True,False,False,False,,,,
2025-08-10 19:00:00,118554.01,118714.28,118462.29,118663.08,219.78592,True,True,True,True,8,1,101,False,True,False,False,False,,,,
2025-08-10 20:00:00,118663.09,118765.71,118074.99,118323.16,759.54759,True,True,True,True,8,1,102,False,True,False,False,False,,,,
2025-08-10 21:00:00,118323.0,118716.91,118092.0,118716.9,598.54997,True,True,True,True,6,1,103,False,True,False,False,False,,,,
2025-08-10 22:00:00,118716.9,119084.93,118615.44,119084.92,563.5175,True,True,True,True,8,1,104,False,True,False,False,False,,,,
2025-08-10 23:00:00,119084.93,119311.11,118861.16,119294.01,752.97788,True,True,True,True,8,1,105,False,True,False,False,False,,,,
2025-08-11 00:00:00,119294.27,119500.0,119104.17,119126.35,785.72983,True,True,True,True,8,1,106,False,True,False,False,False,,,,
2025-08-11 01:00:00,119126.35,119999.0,118972.59,119988.0,1217.33398,True,True,True,True,8,1,107,False,True,False,False,False,,,,
2025-08-11 02:00:00,119988.0,121894.64,119937.59,121876.0,3889.63895,True,True,True,True,8,1,108,False,True,False,False,False,,,,
2025-08-11 03:00:00,121875.99,122164.07,121559.11,121728.99,1733.48981,True,True,True,True,8,1,109,False,True,False,False,False,,,,
2025-08-11 04:00:00,121729.0,122175.88,121623.14,122080.0,1318.04919,True,True,True,True,8,1,110,False,True,False,False,False,,,,
2025-08-11 05:00:00,122080.0,122335.16,121823.24,122059.34,960.5403,True,True,True,True,8,1,111,False,True,False,False,False,,,,
2025-08-11 06:00:00,122059.34,122332.98,121954.79,122300.63,842.9397,True,True,True,True,6,1,112,False,True,False,False,False,,,,
2025-08-11 07:00:00,122300.64,122313.0,121466.08,121537.15,1158.35871,True,True,True,True,8,1,113,False,True,False,False,False,,,,
2025-08-11 08:00:00,121537.14,121823.0,121207.34,121679.13,889.12137,True,True,True,True,8,1,114,False,True,False,False,False,,,,
2025-08-11 09:00:00,121679.13,121704.78,121080.0,121439.75,793.97438,True,True,True,True,8,1,115,False,True,False,False,False,,,,
2025-08-11 10:00:00,121439.75,121455.02,120954.13,121184.84,824.81128,True,True,True,True,8,1,116,False,True,False,False,False,,,,
2025-08-11 11:00:00,121184.84,121283.29,120286.4,120561.54,1708.36029,True,True,True,True,8,1,117,False,True,False,False,False,,,,
2025-08-11 12:00:00,120561.53,120667.54,119536.75,119643.7,1739.45694,True,True,True,True,2,1,118,False,True,False,False,False,,,,
2025-08-11 13:00:00,119643.7,120328.93,119382.91,120010.0,1453.53759,True,True,True,True,2,1,119,False,True,False,False,False,,,,
2025-08-11 14:00:00,120009.99,120586.54,119809.06,120243.59,1235.12815,True,True,True,True,2,1,120,False,True,False,False,False,,,,
2025-08-11 15:00:00,120243.6,120408.01,119843.18,120314.4,808.13955,True,True,True,True,-2,1,121,False,True,False,False,False,,,,
2025-08-11 16:00:00,120314.4,120794.05,119920.0,119953.65,915.6277,True,True,True,True,-6,1,122,False,True,False,False,False,,,,
2025-08-11 17:00:00,119953.65,120150.0,119461.97,119500.0,536.23147,True,True,True,True,-6,1,123,False,True,False,False,False,,,,
2025-08-11 18:00:00,119500.01,119870.2,119261.57,119773.92,530.7427,True,True,True,True,-6,1,124,False,True,False,False,False,,,,
2025-08-11 19:00:00,119773.92,119785.72,118604.17,119089.3,830.32085,True,True,True,True,-6,-1,0,False,True,False,False,True,,119785.72,,
2025-08-11 20:00:00,119089.3,119093.0,118565.69,118824.34,553.02173,True,True,True,True,-6,-1,1,False,True,False,False,False,,,,
2025-08-11 21:00:00,118824.33,119172.63,118050.11,118712.61,847.50979,True,True,True,True,-6,-1,2,False,True,False,False,False,,,,
2025-08-11 22:00:00,118712.61,118906.41,118280.71,118886.96,629.34656,True,True,True,True,-4,-1,3,False,True,False,False,False,,,,
2025-08-11 23:00:00,118886.97,118889.0,118588.78,118686.0,292.92347,True,True,True,True,-2,-1,4,False,False,True,False,False,,,,118588.78
2025-08-12 00:00:00,118686.0,119021.77,118593.39,118949.31,609.75469,True,True,True,True,-6,-1,5,False,False,True,False,False,,,,
2025-08-12 01:00:00,118949.31,119108.06,118767.54,118977.1,413.93961,True,True,True,True,-6,-1,6,False,False,True,False,False,,,,
2025-08-12 02:00:00,118977.09,119275.46,118834.51,119054.13,399.30726,True,True,True,True,-4,-1,7,False,False,True,False,False,,,,
2025-08-12 03:00:00,119054.14,119120.0,118749.06,118857.7,471.63372,True,True,True,True,-4,-1,8,False,False,True,False,False,,,,
2025-08-12 04:00:00,118857.7,119158.06,118804.75,119067.97,368.18781,True,True,True,True,-6,-1,9,False,False,True,False,False,,,,
2025-08-12 05:00:00,119067.97,119067.97,118424.86,118819.99,836.98015,True,True,True,True,-4,-1,10,False,False,True,False,False,,,,
2025-08-12 06:00:00,118820.0,119032.0,118607.85,118839.97,1210.70965,True,True,True,True,-4,-1,11,False,False,True,False,False,,,,
2025-08-12 07:00:00,118839.97,119150.0,118839.97,118986.72,719.50636,True,True,True,True,-4,-1,12,False,False,True,False,False,,,,
2025-08-12 08:00:00,118986.73,119058.43,118740.0,118814.7,715.27467,True,True,True,True,-4,-1,13,False,False,True,False,False,,,,
2025-08-12 09:00:00,118814.71,118893.29,118400.01,118408.38,737.95535,True,True,True,True,-4,-1,14,False,False,True,False,False,,,,
2025-08-12 10:00:00,118408.38,118662.9,118207.47,118449.99,569.79019,True,True,True,True,-4,-1,15,False,False,True,False,False,,,,
2025-08-12 11:00:00,118449.99,118662.9,118222.0,118522.22,323.35879,True,True,True,True,-4,-1,16,False,False,True,False,False,,,,
2025-08-12 12:00:00,118522.22,119264.66,118285.0,119264.66,1633.67826,True,True,True,True,-2,-1,17,False,False,True,False,False,,,,
2025-08-12 13:00:00,119264.66,119712.6,118631.69,118847.35,1772.02738,True,True,True,True,8,-1,18,False,False,True,False,False,,,,
2025-08-12 14:00:00,118847.35,119437.12,118764.36,119437.12,607.50451,True,True,True,True,8,-1,19,False,False,True,False,False,,,,
2025-08-12 15:00:00,119437.12,119960.0,119320.0,119933.0,900.84426,True,True,True,True,8,1,0,False,False,True,True,False,119320.0,,,
2025-08-12 16:00:00,119933.0,120192.1,119525.0,119647.7,763.58705,True,True,True,True,8,1,1,False,False,True,False,False,,,,
2025-08-12 17:00:00,119647.69,119857.04,119172.62,119269.99,649.26235,True,True,True,True,8,1,2,False,False,True,False,False,,,,
2025-08-12 18:00:00,119270.0,120073.01,119267.0,119344.9,537.1305,True,True,True,True,8,1,3,False,False,True,False,False,,,,
2025-08-12 19:00:00,119345.07,119958.05,119309.08,119665.27,359.09127,True,True,True,True,8,1,4,False,True,False,False,False,,,119958.05,
2025-08-12 20:00:00,119665.27,120324.43,119485.84,120192.1,838.15928,True,True,True,True,8,1,5,False,True,False,False,False,,,,
2025-08-12 21:00:00,120192.09,120202.21,119792.5,119903.36,393.93368,True,True,True,True,8,1,6,False,True,False,False,False,,,,
2025-08-12 22:00:00,119903.36,120100.0,119650.0,120099.99,428.42505,True,True,True,True,8,1,7,False,True,False,False,False,,,,
2025-08-12 23:00:00,120100.0,120299.99,119925.47,120134.08,460.06709,True,True,True,True,8,1,8,False,True,False,False,False,,,,
2025-08-13 00:00:00,120134.09,120192.1,119636.0,119713.19,515.63049,True,True,True,True,8,1,9,False,True,False,False,False,,,,
2025-08-13 01:00:00,119713.19,119716.24,119337.67,119478.47,550.66677,True,True,True,True,8,1,10,False,True,False,False,False,,,,
2025-08-13 02:00:00,119478.47,119729.99,119094.28,119549.37,638.50499,True,True,True,True,6,1,11,False,True,False,False,False,,,,
2025-08-13 03:00:00,119549.37,119630.57,119306.89,119482.01,656.1991,True,True,True,True,6,1,12,False,True,False,False,False,,,,
2025-08-13 04:00:00,119482.01,119820.18,119328.12,119335.01,694.25608,True,True,True,True,6,1,13,False,True,False,False,False,,,,
2025-08-13 05:00:00,119335.01,119673.28,118920.92,119070.69,727.82442,True,True,True,True,-6,1,14,False,True,False,False,False,,,,
2025-08-13 06:00:00,119070.68,119416.22,118955.99,119410.01,373.05315,True,True,True,True,-6,1,15,False,True,False,False,False,,,,
2025-08-13 07:00:00,119410.01,119638.55,119290.01,119580.4,528.96933,True,True,True,True,-4,1,16,False,True,False,False,False,,,,
2025-08-13 08:00:00,119580.4,120044.5,119446.22,120044.49,874.74205,True,True,True,True,0,1,17,False,True,False,False,False,,,,
2025-08-13 09:00:00,120044.5,120169.76,119771.88,120116.02,675.01444,True,True,True,True,8,1,18,False,True,False,False,False,,,,
2025-08-13 10:00:00,120116.02,120496.0,120047.58,120496.0,931.34391,True,True,True,True,8,1,19,False,True,False,False,False,,,,
2025-08-13 11:00:00,120496.0,120732.94,120432.21,120570.41,732.08488,True,True,True,True,8,1,20,False,True,False,False,False,,,,
2025-08-13 12:00:00,120570.41,120686.0,120209.51,120273.72,911.18128,True,True,True,True,8,1,21,False,True,False,False,False,,,,
2025-08-13 13:00:00,120273.72,122051.99,120106.02,121767.97,2385.47998,True,True,True,True,8,1,22,False,True,False,False,False,,,,
2025-08-13 14:00:00,121767.97,122200.0,120759.37,120890.73,2480.0002,True,True,True,True,8,1,23,False,True,False,False,False,,,,
2025-08-13 15:00:00,120890.74,121343.06,120309.73,120920.62,1452.01051,True,True,True,True,8,1,24,False,True,False,False,False,,,,
2025-08-13 16:00:00,120920.61,121721.3,120920.61,121421.77,704.71477,True,True,True,True,8,1,25,False,True,False,False,False,,,,
2025-08-13 17:00:00,121421.77,121887.53,121421.76,121823.24,934.90387,True,True,True,True,8,1,26,False,True,False,False,False,,,,
2025-08-13 18:00:00,121823.25,121954.51,121429.36,121639.2,891.23926,True,True,True,True,8,1,27,False,True,False,False,False,,,,
2025-08-13 19:00:00,121639.19,122839.47,121524.27,122744.21,1637.04367,True,True,True,True,8,1,28,False,True,False,False,False,,,,
2025-08-13 20:00:00,122744.22,122973.0,122464.34,122904.01,839.50398,True,True,True,True,8,1,29,False,True,False,False,False,,,,
2025-08-13 21:00:00,122904.01,123000.0,122298.2,122561.16,1066.42754,True,True,True,True,8,1,30,False,True,False,False,False,,,,
2025-08-13 22:00:00,122561.17,123637.68,122561.16,122954.03,1390.69414,True,True,True,True,8,1,31,False,True,False,False,False,,,,
2025-08-13 23:00:00,122954.03,123667.79,122907.05,123306.43,618.58221,True,True,True,True,8,1,32,False,True,False,False,False,,,,
2025-08-14 00:00:00,123306.44,124474.0,123251.9,123847.83,1664.051676,True,True,True,True,8,1,33,False,True,False,False,False,,,,
2025-08-14 01:00:00,123847.82,123946.46,123337.66,123337.67,661.07211,True,True,True,True,8,1,34,False,True,False,False,False,,,,
2025-08-14 02:00:00,123337.66,123689.98,123250.5,123662.53,671.89713,True,True,True,True,8,1,35,False,True,False,False,False,,,,
2025-08-14 03:00:00,123662.53,123849.98,123295.21,123337.14,484.6554,True,True,True,True,8,1,36,False,True,False,False,False,,,,
2025-08-14 04:00:00,123337.14,123428.6,123001.46,123003.17,571.29861,True,True,True,True,8,1,37,False,True,False,False,False,,,,
2025-08-14 05:00:00,123003.17,123123.6,122080.0,122134.76,832.10482,True,True,True,True,8,1,38,False,True,False,False,False,,,,
2025-08-14 06:00:00,122134.76,122134.76,121313.86,121771.27,1465.18702,True,True,True,True,-4,-1,0,False,True,False,False,True,,122134.76,,
2025-08-14 07:00:00,121771.27,122047.79,121538.28,121725.31,887.06699,True,True,True,True,-6,-1,1,False,True,False,False,False,,,,
2025-08-14 08:00:00,121725.31,122045.9,121560.83,121637.78,956.93709,True,True,True,True,-4,-1,2,False,True,False,False,False,,,,
2025-08-14 09:00:00,121637.78,121918.8,121528.55,121649.84,613.30308,True,True,True,True,-6,-1,3,False,True,False,False,False,,,,
2025-08-14 10:00:00,121649.84,121772.9,120757.01,120933.0,1133.31236,True,True,True,True,-6,-1,4,False,False,True,False,False,,,,120757.01
2025-08-14 11:00:00,120932.99,121031.31,120694.0,120949.67,752.73621,True,True,True,True,-6,-1,5,False,False,True,False,False,,,,
2025-08-14 12:00:00,120949.66,121183.06,117632.0,118866.37,5056.4661,True,True,True,True,-6,-1,6,False,False,True,False,False,,,,
2025-08-14 13:00:00,118866.37,119249.2,117727.73,118428.85,3271.5732,True,True,True,True,-6,-1,7,False,False,True,False,False,,,,
2025-08-14 14:00:00,118428.86,119361.45,118008.32,118799.01,1837.14675,True,True,True,True,-4,-1,8,False,False,True,False,False,,,,
2025-08-14 15:00:00,118799.02,118899.64,117879.87,118257.25,1451.88156,True,True,True,True,-4,-1,9,False,False,True,False,False,,,,
2025-08-14 16:00:00,118257.26,118257.26,117407.09,117866.42,1506.20052,True,True,True,True,-4,-1,10,False,False,True,False,False,,,,
2025-08-14 17:00:00,117866.42,118146.48,117500.0,117920.13,636.71884,True,True,True,True,-4,-1,11,False,False,True,False,False,,,,
2025-08-14 18:00:00,117920.14,118214.78,117180.0,118089.75,713.71597,True,True,True,True,-4,-1,12,False,False,True,False,False,,,,
2025-08-14 19:00:00,118089.75,118535.0,117920.0,117945.92,688.76991,True,True,True,True,-4,-1,13,False,False,True,False,False,,,,
2025-08-14 20:00:00,117945.92,118146.55,117724.37,117866.16,595.56886,True,True,True,True,-6,-1,14,False,False,True,False,False,,,,
2025-08-14 21:00:00,117866.16,118199.99,117302.33,117899.16,723.48169,True,True,True,True,-6,-1,15,False,False,True,False,False,,,,
2025-08-14 22:00:00,117899.16,118349.01,117641.4,118285.46,363.07143,True,True,True,True,-4,-1,16,False,False,True,False,False,,,,
2025-08-14 23:00:00,118285.47,118516.81,118239.68,118295.09,442.73026,True,True,True,True,-4,-1,17,False,False,True,False,False,,,,
2025-08-15 00:00:00,118295.09,118473.18,118032.94,118181.97,387.64196,True,True,True,True,-4,-1,18,False,False,True,False,False,,,,
2025-08-15 01:00:00,118181.98,118736.0,118032.32,118681.64,473.85001,True,True,True,True,-4,-1,19,False,False,True,False,False,,,,
2025-08-15 02:00:00,118681.63,118888.0,118584.2,118698.0,549.41556,True,True,True,True,-4,-1,20,False,False,True,False,False,,,,
2025-08-15 03:00:00,118698.0,119077.71,118604.41,118968.91,472.64683,True,True,True,True,2,-1,21,False,False,True,False,False,,,,
2025-08-15 04:00:00,118968.91,119199.2,118770.0,118833.03,497.50906,True,True,True,True,-4,-1,22,False,False,True,False,False,,,,
2025-08-15 05:00:00,118833.04,118959.99,118629.58,118696.02,243.56887,True,True,True,True,-2,-1,23,False,False,True,False,False,,,,
